DROP TABLE IF EXISTS SALES;
DROP TABLE IF EXISTS ORDERS;
DROP TABLE IF EXISTS PRODUCTS;
DROP TABLE IF EXISTS ORDER_PRODUCT;
DROP TABLE IF EXISTS CUSTOMERS;

CREATE TABLE SALES (
    SALE_ID INTEGER PRIMARY KEY,
    PRODUCT_ID INTEGER NOT NULL,
    CUSTOMER_ID INTEGER NOT NULL,
    QUANTITY INTEGER NOT NULL,
    STORE VARCHAR(255) NOT NULL
);

CREATE TABLE ORDERS (
    ORDER_ID INTEGER PRIMARY KEY,
    DESCRIPTION VARCHAR(255) NOT NULL
);

CREATE TABLE PRODUCTS (
    PRODUCT_ID INTEGER PRIMARY KEY,
    COUNTRY VARCHAR(255) NOT NULL,
    PRICE INTEGER NOT NULL
);

CREATE TABLE ORDER_PRODUCT (
    ORDER_ID INTEGER PRIMARY KEY,
    PRODUCT_ID INTEGER NOT NULL,
    PRICE INTEGER NOT NULL
);

CREATE TABLE CUSTOMERS (
    CUSTOMER_ID INTEGER PRIMARY KEY,
    NAME VARCHAR(255) NOT NULL,
    SURNAME VARCHAR(255) NOT NULL
);

INSERT INTO SALES(SALE_ID, PRODUCT_ID, CUSTOMER_ID, QUANTITY, STORE) VALUES (1, 4, 1, 3, 'STORE1');
INSERT INTO SALES(SALE_ID, PRODUCT_ID, CUSTOMER_ID, QUANTITY, STORE) VALUES (2, 6, 1, 5, 'STORE1');
INSERT INTO SALES(SALE_ID, PRODUCT_ID, CUSTOMER_ID, QUANTITY, STORE) VALUES (3, 7, 2, 2, 'STORE3');
INSERT INTO SALES(SALE_ID, PRODUCT_ID, CUSTOMER_ID, QUANTITY, STORE) VALUES (4, 8, 3, 1, 'STORE2');

INSERT INTO ORDERS(ORDER_ID, DESCRIPTION) VALUES (1, 'ORDER1');
INSERT INTO ORDERS(ORDER_ID, DESCRIPTION) VALUES (2, 'ORDER2');
INSERT INTO ORDERS(ORDER_ID, DESCRIPTION) VALUES (3, 'ORDER3');
INSERT INTO ORDERS(ORDER_ID, DESCRIPTION) VALUES (4, 'ORDER4');

INSERT INTO PRODUCTS(PRODUCT_ID, COUNTRY, PRICE) VALUES (4, 'SPAIN', 10);
INSERT INTO PRODUCTS(PRODUCT_ID, COUNTRY, PRICE) VALUES (6, 'SPAIN', 15);
INSERT INTO PRODUCTS(PRODUCT_ID, COUNTRY, PRICE) VALUES (7, 'FRANCE', 12);
INSERT INTO PRODUCTS(PRODUCT_ID, COUNTRY, PRICE) VALUES (8, 'GERMANY', 11);

INSERT INTO ORDER_PRODUCT(ORDER_ID, PRODUCT_ID, PRICE) VALUES (1, 4, 10);
INSERT INTO ORDER_PRODUCT(ORDER_ID, PRODUCT_ID, PRICE) VALUES (2, 6, 15);
INSERT INTO ORDER_PRODUCT(ORDER_ID, PRODUCT_ID, PRICE) VALUES (3, 7, 12);
INSERT INTO ORDER_PRODUCT(ORDER_ID, PRODUCT_ID, PRICE) VALUES (4, 8, 11);

INSERT INTO CUSTOMERS(CUSTOMER_ID, NAME, SURNAME) VALUES (1, 'NAME1', 'SURNAME1');
INSERT INTO CUSTOMERS(CUSTOMER_ID, NAME, SURNAME) VALUES (2, 'NAME2', 'SURNAME2');
INSERT INTO CUSTOMERS(CUSTOMER_ID, NAME, SURNAME) VALUES (3, 'NAME3', 'SURNAME3');
